id,userName,fullName,profilePicUrl,isVerified
56967950916,stgermain_confessions,St Germain Academy | Confessions,https://scontent-bom1-1.cdninstagram.com/v/t51.2885-19/319661649_2059994031057339_3591444760793329558_n.jpg?stp=dst-jpg_s150x150&_nc_ht=scontent-bom1-1.cdninstagram.com&_nc_cat=103&_nc_ohc=BmCQe1XDFUUAX84srxc&edm=AOG-cTkBAAAA&ccb=7-5&oh=00_AfCwbAqv4pA1xU-8V6GTWAtFBq5FqLLJm909xX58vwceWw&oe=639D35B6&_nc_sid=282b66,false
53478109497,joshua.j8716,JOSHUA.J,https://scontent-bom1-1.cdninstagram.com/v/t51.2885-19/315762905_3421336761478962_4906442254668035234_n.jpg?stp=dst-jpg_s150x150&_nc_ht=scontent-bom1-1.cdninstagram.com&_nc_cat=106&_nc_ohc=R1BliLxrg60AX8Bg1nt&edm=AOG-cTkBAAAA&ccb=7-5&oh=00_AfABEr3obQQiy_0xtDI9qE1MvddTaL48kHfJgVghSTczOw&oe=639D1A9F&_nc_sid=282b66,false
54831822031,fuxzy_tweet,ÏóøÎ®πÏñ¥ü•±,https://instagram.fmxp7-1.fna.fbcdn.net/v/t51.2885-19/44884218_345707102882519_2446069589734326272_n.jpg?_nc_ad=z-m&_nc_ht=instagram.fmxp7-1.fna.fbcdn.net&_nc_cat=1&_nc_ohc=SdGf-pQgnmIAX_adTIq&edm=AJ9x6zYBAAAA&ccb=7-5&ig_cache_key=YW5vbnltb3VzX3Byb2ZpbGVfcGlj.2-ccb7-5&oh=00_AfARpnLP1UMGMA8Kv2ouKpSQlUDNtQJmcvpAjPQwHeAzLA&oe=639C7D4F&_nc_sid=cff2a4,false
49102834676,awf.ali,Awf Ali,https://instagram.fmxp7-1.fna.fbcdn.net/v/t51.2885-19/44884218_345707102882519_2446069589734326272_n.jpg?_nc_ad=z-m&_nc_ht=instagram.fmxp7-1.fna.fbcdn.net&_nc_cat=1&_nc_ohc=SdGf-pQgnmIAX_adTIq&edm=AJ9x6zYBAAAA&ccb=7-5&ig_cache_key=YW5vbnltb3VzX3Byb2ZpbGVfcGlj.2-ccb7-5&oh=00_AfARpnLP1UMGMA8Kv2ouKpSQlUDNtQJmcvpAjPQwHeAzLA&oe=639C7D4F&_nc_sid=cff2a4,false
48534357625,girl_9187v,Kate,https://scontent-bom1-1.cdninstagram.com/v/t51.2885-19/311484891_669536374419879_5271112380042248910_n.jpg?stp=dst-jpg_s150x150&_nc_ht=scontent-bom1-1.cdninstagram.com&_nc_cat=103&_nc_ohc=x8nucyKdtvwAX-8x5Kn&edm=AOG-cTkBAAAA&ccb=7-5&oh=00_AfAW04wIVR9uJ2ih0ZAYuJpq7OstrZ2iLM2uPJemNSJm4A&oe=639D1469&_nc_sid=282b66,false
55253830418,nikhel_j007,ùïπùñéùñêùñçùñäùñë,https://scontent-bom1-2.cdninstagram.com/v/t51.2885-19/315972398_1313361619448037_241198232459170382_n.jpg?stp=dst-jpg_s150x150&_nc_ht=scontent-bom1-2.cdninstagram.com&_nc_cat=109&_nc_ohc=2MkYoW4jCQYAX9ogy68&tn=BXfh83d0tOF6B0be&edm=AOG-cTkBAAAA&ccb=7-5&oh=00_AfAfm2dDE51L_hettH6NkSGSMg7a-t_UvJ5fe-8kpvEwJg&oe=639E1EFD&_nc_sid=282b66,false
47246069551,_thaman_1,_thaman_,https://scontent-bom1-1.cdninstagram.com/v/t51.2885-19/242282210_420427299715462_5345957387588398177_n.jpg?stp=dst-jpg_s150x150&_nc_ht=scontent-bom1-1.cdninstagram.com&_nc_cat=110&_nc_ohc=CYb52Qwml1AAX8xlW3v&edm=AOG-cTkBAAAA&ccb=7-5&oh=00_AfDMiL6XHnqnxakk6gU5FPvU4piHAS3ZpEAkLrjPNrjDdw&oe=639D210A&_nc_sid=282b66,false
57154456784,prvt_sxima,,https://scontent-bom1-1.cdninstagram.com/v/t51.2885-19/318821186_501392735434066_5662248956997639238_n.jpg?stp=dst-jpg_s150x150&_nc_ht=scontent-bom1-1.cdninstagram.com&_nc_cat=110&_nc_ohc=LZQ6T-5Eo_EAX_vg1SU&tn=BXfh83d0tOF6B0be&edm=AOG-cTkBAAAA&ccb=7-5&oh=00_AfANvDp8VN44ZafKQMQ5zXSW66pZmiPz7nQF1mqii6D2Tg&oe=639D6BAC&_nc_sid=282b66,false
49161469493,ar_hishxxm__zxc,√£r_h√Æshxxm__‚ù§Ô∏è‚Äçüî•ü¶ã,https://scontent-bom1-1.cdninstagram.com/v/t51.2885-19/313898748_1362562467609281_1756528272067006848_n.jpg?stp=dst-jpg_s150x150&_nc_ht=scontent-bom1-1.cdninstagram.com&_nc_cat=105&_nc_ohc=HUVy-nJd3KUAX_7lLt8&edm=AOG-cTkBAAAA&ccb=7-5&oh=00_AfAa9fBPGbvF49D59Z1ZP6RTJMY1Op-LSgloQidjJ_M4kA&oe=639E4494&_nc_sid=282b66,false
53924452992,abcde_weee,kat :),https://scontent-bom1-2.cdninstagram.com/v/t51.2885-19/317312686_522787909772684_4772834318109650744_n.jpg?stp=dst-jpg_s150x150&_nc_ht=scontent-bom1-2.cdninstagram.com&_nc_cat=108&_nc_ohc=wv--so0FsrcAX-Rvgry&tn=BXfh83d0tOF6B0be&edm=AOG-cTkBAAAA&ccb=7-5&oh=00_AfDuWGvpzmZTYg9HpKH21fWRcFA0ivb2GjeF8cFBVmNSwA&oe=639DB7F0&_nc_sid=282b66,false
51937008798,kevin.dkdikshit,Dikshit kevin.Dk,https://scontent-bom1-1.cdninstagram.com/v/t51.2885-19/273766804_131193289424462_3118782614657664976_n.jpg?stp=dst-jpg_s150x150&_nc_ht=scontent-bom1-1.cdninstagram.com&_nc_cat=102&_nc_ohc=IEUOOvfzGYoAX8bJjHp&edm=AOG-cTkBAAAA&ccb=7-5&oh=00_AfBgK5euX0lwwhqimmBu21o5eWy0L1bXTG2yvtJBeEasSA&oe=639E5C55&_nc_sid=282b66,false
5951993138,karthikeyan4008,Karthikeyan,https://scontent-bom1-1.cdninstagram.com/v/t51.2885-19/305871993_1077890966427842_5915965590575604882_n.jpg?stp=dst-jpg_s150x150&_nc_ht=scontent-bom1-1.cdninstagram.com&_nc_cat=102&_nc_ohc=Dfitkjy1nmsAX-3_mU1&edm=AOG-cTkBAAAA&ccb=7-5&oh=00_AfD3s3pqu4dkNLnvTqoU3pKCTNnlQhSO9KaJZiiaf_fjjg&oe=639DFE3A&_nc_sid=282b66,false
49398111532,samrah__tabrez5,Samrah tabrezü¶ãüíï,https://scontent-bom1-1.cdninstagram.com/v/t51.2885-19/317569977_1105580786812348_2373190753413329270_n.jpg?stp=dst-jpg_s150x150&_nc_ht=scontent-bom1-1.cdninstagram.com&_nc_cat=104&_nc_ohc=GD_-LTAMsl8AX8A1SJ1&edm=AOG-cTkBAAAA&ccb=7-5&oh=00_AfACS4OY4XIae5R3o3u9NzxzYo_07sCvn29eQneBQtTHRA&oe=639D16BC&_nc_sid=282b66,false
48885676718,__.melwin.___,Melwin,https://instagram.fmxp7-1.fna.fbcdn.net/v/t51.2885-19/44884218_345707102882519_2446069589734326272_n.jpg?_nc_ad=z-m&_nc_ht=instagram.fmxp7-1.fna.fbcdn.net&_nc_cat=1&_nc_ohc=SdGf-pQgnmIAX_adTIq&edm=AJ9x6zYBAAAA&ccb=7-5&ig_cache_key=YW5vbnltb3VzX3Byb2ZpbGVfcGlj.2-ccb7-5&oh=00_AfARpnLP1UMGMA8Kv2ouKpSQlUDNtQJmcvpAjPQwHeAzLA&oe=639C7D4F&_nc_sid=cff2a4,false
54827167233,donzzzzz41,Don,https://instagram.fmxp7-1.fna.fbcdn.net/v/t51.2885-19/44884218_345707102882519_2446069589734326272_n.jpg?_nc_ad=z-m&_nc_ht=instagram.fmxp7-1.fna.fbcdn.net&_nc_cat=1&_nc_ohc=SdGf-pQgnmIAX_adTIq&edm=AJ9x6zYBAAAA&ccb=7-5&ig_cache_key=YW5vbnltb3VzX3Byb2ZpbGVfcGlj.2-ccb7-5&oh=00_AfARpnLP1UMGMA8Kv2ouKpSQlUDNtQJmcvpAjPQwHeAzLA&oe=639C7D4F&_nc_sid=cff2a4,false
50404240821,ftt.immanuel_.x,ùì≤ùì∂ùì∂ùì™ùì∑ùìøùìÆùìµ‚òÑ,https://scontent-bom1-1.cdninstagram.com/v/t51.2885-19/318454138_717957309747736_8757621805494922114_n.jpg?stp=dst-jpg_s150x150&_nc_ht=scontent-bom1-1.cdninstagram.com&_nc_cat=104&_nc_ohc=StrF1ugeX9MAX9W1GLB&edm=AOG-cTkBAAAA&ccb=7-5&oh=00_AfA6y7T76eury0ISVKjvATfizvF4pi7tBqt3usNhQ9LnKw&oe=639DF160&_nc_sid=282b66,false
52685831900,_.govind_poojari._,,https://scontent-bom1-1.cdninstagram.com/v/t51.2885-19/278831054_1010482716555618_8936418414299597669_n.jpg?stp=dst-jpg_s150x150&_nc_ht=scontent-bom1-1.cdninstagram.com&_nc_cat=106&_nc_ohc=4M43qlK0b9QAX8aU1-4&tn=BXfh83d0tOF6B0be&edm=AOG-cTkBAAAA&ccb=7-5&oh=00_AfAHAAU-yZ6ZEp2UY18m6E27A34q0F5mu6SVCNwLsn6nHA&oe=639DDF11&_nc_sid=282b66,false
53493235949,choc.olategirl7482,Chocolaty_ girl_ ‚ù£Ô∏è,https://scontent-bom1-2.cdninstagram.com/v/t51.2885-19/309917763_1099594620948467_6072557994862479842_n.jpg?stp=dst-jpg_s150x150&_nc_ht=scontent-bom1-2.cdninstagram.com&_nc_cat=111&_nc_ohc=nnZ8Q6cJkl0AX_ihp4A&edm=AOG-cTkBAAAA&ccb=7-5&oh=00_AfAZsOcLL4oNVzjp3CKp_6D8c3u4r1N2Ir0Fr_WsNNajCQ&oe=639CE380&_nc_sid=282b66,false
39202380852,krishikadurai,Rekha dhurai,https://scontent-bom1-1.cdninstagram.com/v/t51.2885-19/289310071_2179639415545397_8786301312226162847_n.jpg?stp=dst-jpg_s150x150&_nc_ht=scontent-bom1-1.cdninstagram.com&_nc_cat=105&_nc_ohc=ME78AoYONnQAX-6oIwo&edm=AOG-cTkBAAAA&ccb=7-5&oh=00_AfBysIZX_CKATE4uScmrGbDZ1zqk6bXnccRQ70RsP4JVTw&oe=639D3005&_nc_sid=282b66,false
52224582090,_its_kevin_x,KEVIN JOHN üòú,https://scontent-bom1-1.cdninstagram.com/v/t51.2885-19/317240705_224093536608039_916337688402091471_n.jpg?stp=dst-jpg_s150x150&_nc_ht=scontent-bom1-1.cdninstagram.com&_nc_cat=103&_nc_ohc=CUkT2gvSTJEAX-GM2Uk&tn=BXfh83d0tOF6B0be&edm=AOG-cTkBAAAA&ccb=7-5&oh=00_AfBB3NrpcvMecvd1Bwc9ZGItBuax1dd6zWrOVHmtTpF2Yw&oe=639CE851&_nc_sid=282b66,false
51276687617,justin_.1108,Justinüñ§,https://scontent-bom1-1.cdninstagram.com/v/t51.2885-19/318869477_3437810676457861_1623068289500899441_n.jpg?stp=dst-jpg_s150x150&_nc_ht=scontent-bom1-1.cdninstagram.com&_nc_cat=101&_nc_ohc=hViavY-W-lYAX9bK7Vg&tn=BXfh83d0tOF6B0be&edm=AOG-cTkBAAAA&ccb=7-5&oh=00_AfAklisySs-mvRTfpJUBFyWEQ0JkI2yNFUSbbWGXuXIs5Q&oe=639CE447&_nc_sid=282b66,false
55520354588,zolow_bts,üåàüáµ‚Ääüá¥‚Ääüá¥‚ÄäüáØ‚Ääüá∫‚Ääüá∫‚Ää‚ù§Ô∏èüñ§,https://scontent-bom1-1.cdninstagram.com/v/t51.2885-19/314928893_682714416762306_6386668066314163304_n.jpg?stp=dst-jpg_s150x150&_nc_ht=scontent-bom1-1.cdninstagram.com&_nc_cat=106&_nc_ohc=xZP4QcdbmGwAX_Kiuvf&edm=AOG-cTkBAAAA&ccb=7-5&oh=00_AfD057Zt2HK-VOpsPVDSW1z_Pxv62ql2XrbrloPF_rhdVw&oe=639CB5D1&_nc_sid=282b66,false
51857945696,mrgurudeep,mrgurudeep,https://scontent-bom1-1.cdninstagram.com/v/t51.2885-19/318162862_853914052725469_2971499204879517627_n.jpg?stp=dst-jpg_s150x150&_nc_ht=scontent-bom1-1.cdninstagram.com&_nc_cat=101&_nc_ohc=_Qu1gHSnJXkAX8Eipt_&edm=AOG-cTkBAAAA&ccb=7-5&oh=00_AfCOmQP9-0k2-uBc_Q2SEklQu1KfoHvgKfw5boCn9damTQ&oe=639E2E97&_nc_sid=282b66,false
41129507644,_.hxrxnx._08,<3,https://scontent-bom1-2.cdninstagram.com/v/t51.2885-19/315296133_1446320102441047_7100897654530778833_n.jpg?stp=dst-jpg_s150x150&_nc_ht=scontent-bom1-2.cdninstagram.com&_nc_cat=107&_nc_ohc=K5MWrH5X5J8AX9tuRfy&edm=AOG-cTkBAAAA&ccb=7-5&oh=00_AfB1KQMx3mV-33u3LIaX9A7oGK64fsjFEnBl0PKahLS2jw&oe=639CACE5&_nc_sid=282b66,false
47408337733,fxxthimx_,ùìêùìµùì≤ùìØùì™‚ú®,https://scontent-bom1-1.cdninstagram.com/v/t51.2885-19/319045599_678928190629722_6384882309818252540_n.jpg?stp=dst-jpg_s150x150&_nc_ht=scontent-bom1-1.cdninstagram.com&_nc_cat=106&_nc_ohc=6DMx46mJZnMAX9zFk35&tn=BXfh83d0tOF6B0be&edm=AOG-cTkBAAAA&ccb=7-5&oh=00_AfCk0G9vss4Ggb2nIDxbBizn8KKnIt6FHCpxsTt9mL_qNQ&oe=639D5304&_nc_sid=282b66,false
39944756691,tf__mxrk.xd,ùüóùüóùüó,https://scontent-bom1-1.cdninstagram.com/v/t51.2885-19/314505998_1883586021980201_8652037149754505437_n.jpg?stp=dst-jpg_s150x150&_nc_ht=scontent-bom1-1.cdninstagram.com&_nc_cat=105&_nc_ohc=08j8ZdtEzPAAX-QT-mW&tn=BXfh83d0tOF6B0be&edm=AOG-cTkBAAAA&ccb=7-5&oh=00_AfDkOt5U9wQhWk0V-jMveiIusTqnAqby6XdqWiEz7orREg&oe=639D11A4&_nc_sid=282b66,false
45778512702,just__prayag,Prayag Shetty,https://scontent-bom1-1.cdninstagram.com/v/t51.2885-19/317924140_1084646658877972_7678893890732434114_n.jpg?stp=dst-jpg_s150x150&_nc_ht=scontent-bom1-1.cdninstagram.com&_nc_cat=104&_nc_ohc=NrchZYTqWVIAX8EWXbs&edm=AOG-cTkBAAAA&ccb=7-5&oh=00_AfC5C2BvJ8ehJ3aBK1foWGxuuCfBoWBerOuokhPLRRODAw&oe=639C745C&_nc_sid=282b66,false
49150447973,manavjain315,Manav,https://instagram.fmxp7-1.fna.fbcdn.net/v/t51.2885-19/44884218_345707102882519_2446069589734326272_n.jpg?_nc_ad=z-m&_nc_ht=instagram.fmxp7-1.fna.fbcdn.net&_nc_cat=1&_nc_ohc=SdGf-pQgnmIAX_adTIq&edm=AJ9x6zYBAAAA&ccb=7-5&ig_cache_key=YW5vbnltb3VzX3Byb2ZpbGVfcGlj.2-ccb7-5&oh=00_AfARpnLP1UMGMA8Kv2ouKpSQlUDNtQJmcvpAjPQwHeAzLA&oe=639C7D4F&_nc_sid=cff2a4,false
30007777089,tanushree_b_6802,Tanushree.B,https://instagram.fmxp7-1.fna.fbcdn.net/v/t51.2885-19/44884218_345707102882519_2446069589734326272_n.jpg?_nc_ad=z-m&_nc_ht=instagram.fmxp7-1.fna.fbcdn.net&_nc_cat=1&_nc_ohc=SdGf-pQgnmIAX_adTIq&edm=AJ9x6zYBAAAA&ccb=7-5&ig_cache_key=YW5vbnltb3VzX3Byb2ZpbGVfcGlj.2-ccb7-5&oh=00_AfARpnLP1UMGMA8Kv2ouKpSQlUDNtQJmcvpAjPQwHeAzLA&oe=639C7D4F&_nc_sid=cff2a4,false
17901967154,_.pronightmare._,ùïÅùïÇ,https://scontent-bom1-2.cdninstagram.com/v/t51.2885-19/313288369_193158676530595_4875544855078787387_n.jpg?stp=dst-jpg_s150x150&_nc_ht=scontent-bom1-2.cdninstagram.com&_nc_cat=107&_nc_ohc=TZksy1lF8HkAX-4OZJL&tn=BXfh83d0tOF6B0be&edm=AOG-cTkBAAAA&ccb=7-5&oh=00_AfAwHPePXyKwsdcR_K8QCzBwZabt6ClvQFdCbzfu6rTHBg&oe=639D5888&_nc_sid=282b66,false
45983880874,hodipixlre,MANASVI,https://scontent-bom1-2.cdninstagram.com/v/t51.2885-19/277854777_4904204169615477_3353050591604383222_n.jpg?stp=dst-jpg_s150x150&_nc_ht=scontent-bom1-2.cdninstagram.com&_nc_cat=109&_nc_ohc=rbKyrqlB-9QAX9zTYEx&edm=AOG-cTkBAAAA&ccb=7-5&oh=00_AfD8bHlL40kIGSM3qwmKJyQdzXJNvNU273bCPB3Xnpu3-A&oe=639DD709&_nc_sid=282b66,false
56293277043,miss_tanishka_10,Tanishka Raj,https://scontent-bom1-1.cdninstagram.com/v/t51.2885-19/316858391_836211937423480_5441443033583852749_n.jpg?stp=dst-jpg_s150x150&_nc_ht=scontent-bom1-1.cdninstagram.com&_nc_cat=104&_nc_ohc=u3vJqh0PVk8AX8HpIVl&edm=AOG-cTkBAAAA&ccb=7-5&oh=00_AfAQQTaO-yDnGtgPiOj9ffgg6qLzvub5yshYIyTaYv-Xog&oe=639DE111&_nc_sid=282b66,false
7333180224,kidzkalai,ùò¥Í´ÄÍ™∂Í™úÍ™ñ ùò¨ùò¥,https://scontent-bom1-1.cdninstagram.com/v/t51.2885-19/28754648_176877522951628_532904127450054656_n.jpg?stp=dst-jpg_s150x150&_nc_ht=scontent-bom1-1.cdninstagram.com&_nc_cat=104&_nc_ohc=_74o7Nlx5RsAX8dMfGm&tn=BXfh83d0tOF6B0be&edm=AOG-cTkBAAAA&ccb=7-5&oh=00_AfC6flZd5pqn6zQzfvmVZnvgqLgg0_auv_TxKWOKn0rl8Q&oe=639C6F3B&_nc_sid=282b66,false
48399785699,___.chris.___._,‰πÇùòæùôÉùôçùôÑùôé._.,https://scontent-bom1-1.cdninstagram.com/v/t51.2885-19/318469411_859275465213514_3448798122640210277_n.jpg?stp=dst-jpg_s150x150&_nc_ht=scontent-bom1-1.cdninstagram.com&_nc_cat=110&_nc_ohc=grnamTKiHCQAX9sxKOp&tn=BXfh83d0tOF6B0be&edm=AOG-cTkBAAAA&ccb=7-5&oh=00_AfACZW-uNTHG7Rw0NRFDvmIrDYEq7weg3NTS5yR_Phmhlw&oe=639D7794&_nc_sid=282b66,false
38318709971,karthix_.x,ùïÇùïíùï£ùï•ùïôùïöùïú‚ö°,https://scontent-bom1-2.cdninstagram.com/v/t51.2885-19/312678075_455251143258563_3510506047907982706_n.jpg?stp=dst-jpg_s150x150&_nc_ht=scontent-bom1-2.cdninstagram.com&_nc_cat=111&_nc_ohc=-h9ig8r4uzEAX9PxQXU&edm=AOG-cTkBAAAA&ccb=7-5&oh=00_AfCXOj9VKTbTtDdKK5ici9D76pLztRei71sQb7iRC1DMQQ&oe=639C8455&_nc_sid=282b66,false
54563895700,punneanna__videos.com_,punneammal (PP),https://scontent-bom1-2.cdninstagram.com/v/t51.2885-19/312685401_633241214960132_6983793851398453858_n.jpg?stp=dst-jpg_s150x150&_nc_ht=scontent-bom1-2.cdninstagram.com&_nc_cat=108&_nc_ohc=imfx8u81KesAX9oW_Lq&tn=BXfh83d0tOF6B0be&edm=AOG-cTkBAAAA&ccb=7-5&oh=00_AfCZaof__GX1G1d_TJlADjbVvhfb1a6wuoNjRSje7tY1ew&oe=639CFC28&_nc_sid=282b66,false
27711696493,leo_ex4,Dhanushhüí§,https://scontent-bom1-1.cdninstagram.com/v/t51.2885-19/315198067_5631475440299082_749564287626117557_n.jpg?stp=dst-jpg_s150x150&_nc_ht=scontent-bom1-1.cdninstagram.com&_nc_cat=106&_nc_ohc=i56UyHBC3cIAX-Fpu5x&edm=AOG-cTkBAAAA&ccb=7-5&oh=00_AfCS3efMDe8ExyXhwU1QTY_R2nc1tF9gqmPUZ_Sqpcsyfw&oe=639D09CA&_nc_sid=282b66,false
39805359465,stay.wid_us,(‚Ä¢‚Äø‚Ä¢),https://scontent-bom1-2.cdninstagram.com/v/t51.2885-19/278189576_704060813947161_1365853519954116106_n.jpg?stp=dst-jpg_s150x150&_nc_ht=scontent-bom1-2.cdninstagram.com&_nc_cat=109&_nc_ohc=EqO7tB1aTq8AX8DHhdz&edm=AOG-cTkBAAAA&ccb=7-5&oh=00_AfCV1DdT0_Zg3Hkh9kjI5oRxGRGsy3Dh5FAOZQDQnsOcfQ&oe=639DCFD3&_nc_sid=282b66,false
55128614561,your_boi_louies,louies denzil,https://scontent-bom1-1.cdninstagram.com/v/t51.2885-19/314380140_850982956317814_5004576406613769706_n.jpg?stp=dst-jpg_s150x150&_nc_ht=scontent-bom1-1.cdninstagram.com&_nc_cat=110&_nc_ohc=2LD7atdHs4EAX8bcN6s&tn=BXfh83d0tOF6B0be&edm=AOG-cTkBAAAA&ccb=7-5&oh=00_AfBk6kNUkcfoHtA5jn3JrsFGc4pclgu4LzYT4k3pTTDR7Q&oe=639DCC3C&_nc_sid=282b66,false
48770067577,__mysterious._.gurl_1__,Angela Blessy,https://scontent-bom1-1.cdninstagram.com/v/t51.2885-19/319559668_1834206986946065_3546745405323657023_n.jpg?stp=dst-jpg_s150x150&_nc_ht=scontent-bom1-1.cdninstagram.com&_nc_cat=105&_nc_ohc=SWlxsAoCPRoAX--quoG&edm=AOG-cTkBAAAA&ccb=7-5&oh=00_AfDxApU2B8TlOZnb8mRT29P7f5OZGGP4SV08VDXOsdCjMw&oe=639E6652&_nc_sid=282b66,false
53405993317,itsl.ikithx2,*likhita*,https://scontent-bom1-2.cdninstagram.com/v/t51.2885-19/315413069_680359857077075_6559911692641230945_n.jpg?stp=dst-jpg_s150x150&_nc_ht=scontent-bom1-2.cdninstagram.com&_nc_cat=111&_nc_ohc=11xrYbCi3BYAX__ZDyJ&tn=BXfh83d0tOF6B0be&edm=AOG-cTkBAAAA&ccb=7-5&oh=00_AfCZKZcfF_YW4snPEmAibeVaHOXI2uyaSYMXF_3DJAeJ9w&oe=639D6240&_nc_sid=282b66,false
53381141927,call_me_daniel_05,Daniel Psa,https://scontent-bom1-2.cdninstagram.com/v/t51.2885-19/301504093_888647182340541_526415609249199188_n.jpg?stp=dst-jpg_s150x150&_nc_ht=scontent-bom1-2.cdninstagram.com&_nc_cat=109&_nc_ohc=hWQ-iKnenWIAX8I0Exz&edm=AOG-cTkBAAAA&ccb=7-5&oh=00_AfBLxZqp-K5DIgwRnZ07jR0IXQELVLkutBJaVmF51PbkwA&oe=639DA031&_nc_sid=282b66,false
54969168646,sxima_89,ùíÆùí∂ùíæùìÇùí∂ ü•Ä,https://scontent-bom1-2.cdninstagram.com/v/t51.2885-19/315298228_686785126094016_6848311415094674858_n.jpg?stp=dst-jpg_s150x150&_nc_ht=scontent-bom1-2.cdninstagram.com&_nc_cat=100&_nc_ohc=4ExPBBJWgiYAX9tdPjB&tn=BXfh83d0tOF6B0be&edm=AOG-cTkBAAAA&ccb=7-5&oh=00_AfC3uoU08XWK0kSvTBOJNzrKbXwFfrssVCGfrttWzuvy4Q&oe=639DC916&_nc_sid=282b66,false
49712504533,mr._unique_________boy,sai Kumar RV,https://scontent-bom1-1.cdninstagram.com/v/t51.2885-19/314341868_819957772583677_8358205105017270692_n.jpg?stp=dst-jpg_s150x150&_nc_ht=scontent-bom1-1.cdninstagram.com&_nc_cat=101&_nc_ohc=GnKkGBBKgj0AX8EGaUa&tn=BXfh83d0tOF6B0be&edm=AOG-cTkBAAAA&ccb=7-5&oh=00_AfDBnlB5CaiWl_1ezLB9BjWYGfjRoEm_YQkfk57kJwC-VA&oe=639CA1BC&_nc_sid=282b66,false
46720416845,ig.daksshh,D A K S H  ‚Ñ¢,https://scontent-bom1-1.cdninstagram.com/v/t51.2885-19/315353669_3263219193932557_3543356533904898928_n.jpg?stp=dst-jpg_s150x150&_nc_ht=scontent-bom1-1.cdninstagram.com&_nc_cat=101&_nc_ohc=o-Hpn5JpA2AAX_o2LAj&edm=AOG-cTkBAAAA&ccb=7-5&oh=00_AfBTw6IMO_V84EG-TugGEpbzvka1ctqSX5Gq5iBCKAl4GA&oe=639D3BB7&_nc_sid=282b66,false
53318909059,luvishsp7,LUVish,https://scontent-bom1-1.cdninstagram.com/v/t51.2885-19/315763207_810674803480467_6394129366813874025_n.jpg?stp=dst-jpg_s150x150&_nc_ht=scontent-bom1-1.cdninstagram.com&_nc_cat=103&_nc_ohc=5j9Ta5G-ABIAX8kHaRs&tn=BXfh83d0tOF6B0be&edm=AOG-cTkBAAAA&ccb=7-5&oh=00_AfDpzanxHk50DRArVt6Bko__7E8h_77DwWNLQcdpwYEhbg&oe=639C7602&_nc_sid=282b66,false
49414776022,tea_cup_tani,Tanisha,https://scontent-bom1-2.cdninstagram.com/v/t51.2885-19/316705114_3494103410813184_5467287965892681168_n.jpg?stp=dst-jpg_s150x150&_nc_ht=scontent-bom1-2.cdninstagram.com&_nc_cat=100&_nc_ohc=1eIAkVsBo74AX9q3CfP&edm=AOG-cTkBAAAA&ccb=7-5&oh=00_AfBvBJTkZOIzP2Ym2KwEtsQqku3S239Y3qHgTIXlGe3QWQ&oe=639DF4CD&_nc_sid=282b66,false
39895497874,__.sreezzee.__,Juzz Sree... üí§,https://scontent-bom1-2.cdninstagram.com/v/t51.2885-19/316468422_657701825946369_1743319950762540371_n.jpg?stp=dst-jpg_s150x150&_nc_ht=scontent-bom1-2.cdninstagram.com&_nc_cat=109&_nc_ohc=WvhsoIF2f7IAX_CpKN9&edm=AOG-cTkBAAAA&ccb=7-5&oh=00_AfDP0gWY3kouMFSgrAF03IawIgz8jb5Abtest18GEP1s9Q&oe=639CFE5F&_nc_sid=282b66,false
39929459035,x_.rushy._x,M K üëë,https://scontent-bom1-2.cdninstagram.com/v/t51.2885-19/315059644_1600264550393027_6463346717699644624_n.jpg?stp=dst-jpg_s150x150&_nc_ht=scontent-bom1-2.cdninstagram.com&_nc_cat=111&_nc_ohc=77HI0AQY4IQAX-VQ-j8&edm=AOG-cTkBAAAA&ccb=7-5&oh=00_AfCpDs-lU5X8UN5UzS0FM3zmpYizCPX4cvSxIuUMy_fqqw&oe=639CEFF8&_nc_sid=282b66,false
45465714833,varshasri0808,Varsha,https://scontent-bom1-1.cdninstagram.com/v/t51.2885-19/316149962_928823068089150_3197066541879382973_n.jpg?stp=dst-jpg_s150x150&_nc_ht=scontent-bom1-1.cdninstagram.com&_nc_cat=106&_nc_ohc=TKooJiybtzcAX8l2iPc&tn=BXfh83d0tOF6B0be&edm=AOG-cTkBAAAA&ccb=7-5&oh=00_AfDi_MtP-JWh4kIop5BJ9hzq7bmTSqNfRpNzRYmGWtW_YA&oe=639D3E45&_nc_sid=282b66,false
50515839777,sitanshuuuuuu,Sitanshu‚ô°,https://scontent-bom1-2.cdninstagram.com/v/t51.2885-19/318761062_1846984972316507_7434791275138722920_n.jpg?stp=dst-jpg_s150x150&_nc_ht=scontent-bom1-2.cdninstagram.com&_nc_cat=111&_nc_ohc=8AYxTZw8GfkAX-Td-7R&edm=AOG-cTkBAAAA&ccb=7-5&oh=00_AfCWXm4cuk5iF-mebe4I0Cg_Cu22ss3w6dIBYG-s40QciQ&oe=639CA9DE&_nc_sid=282b66,false
