mohsin_lambaaa|1
joevisvic07|1
call_me_daniel_05|1
miss_tanishka_10|1
_.duirik._|1
mr.unique_________boy|1
_adnanshariff_|1
not_pratheek._.x|1
rxl_uchihx|1
yahya_theboxingchamp|1
ig.daksshh|1
mr._.ahad._|1
dakshajain_bigfan_|1
btw_its_pranav_007|0
anto_x_nats_|0
mr_alpha_beast_9850|0
badkarma_1106|0
_.govind_poojari._|1
_vanya_r._|0
amalanpranit|1
samhhskjjnnua|0
thirish.p2009|1
mr._unique_________boy|1
hamza_king_of_ringz|1
_abdulrehman97|0
awf.ali|0
manav_.v._|1
im.selvaraj|1
chitra_saahotaan06|1
kevin_king_maker|1
devaiah_ryan|1
arleen_0107|1
ig_elfra|0
__chris__john__|0
kidjowik|0
muffinoora_._|1
its_ralph_denver|1
punneanna__videos.com_|1
_syed_aaqib__|0
____im__rithish____|0
ishankreddy_|0
jonathanpeterdsouza|0
aftabahmedxx|0
_sujay.joseph_|0
_aviva.ak27_3|0
syed.affan_|0
nikhel_j07|0
just__prayag|0
nikhel_j007|0
x_darxn_x|0
_syed.ammar_|0
gagan_kochar_|0
captain_crazy01|1
stgermain_confessions|-1
sitanshuuuuuu|0
marilynmendezz|0
sxima_89|0
alanxqx|0
aaddiitzz|0
_syedusman_10|0
isa_the_only_one|1
_madiha._08|0
bastaboiiiiiiii_1357|1
prathnasiyal_|0
type_dyrus|1
sam.britto__|1
_.khan_ayaan._m|0
joshua.j8716|0
_wendel_george_12_1_|0
badboy07092006|0
not._.ameen|0
__its__akhil__777|1
_darshan_sai|0
jaden_434richard|0
_swift_17|1
ralph.moses_14|0
_stevy_17|0
manavjain315|1
bhargav_ishaan08|0
choc.olategirl7482|0
aya_an76|0
himeshvardhan_.g|1
mohammed__sabeel__|0
josephjose.07|0
felix_768aa1|0
_harshil.jain_|1
marilyn_mendezzz|0
manavjain151515|1
samrah__tabrez5|0
mrgurudeep|0
hodipixlre|0
your_boi_louies|0
kevinjob07_|0
areyouwildin|1
gavin__levi|0
darwinwilliam54|0
x._a.i.t.c.h_.x|0
_crispzzzz_|0
sylvester_antonio_07|0
__.melwin.___|0
mr_umair13|1
eryl_oswin_007|0
madiha_._08|0
aaronjohnsonvj|0
_yan_mic|0
_.suxair._86|0
ronnan_444|0
hgddfggbbvccdddrfgb|0
sid_dude_|0
smecksy.boyyy|1
alastair._.adam|0
shorty13_12|0
_.sherwv._|0
ashham_ak|0
shil_oh_no|0
_drx_official_dyrus|0
kounain04|0
kevin_mathew.j_|0
not_keerthana_|0
__mysterious._.gurl_1__|1
the_joeys_xy|1
abcde_weee|0
ftt.immanuel_.x|-1
yeboyjedi|0
fathe2720|0
usha._.04|0
bluurazzz|0
lu_craaaazzzzyyyy|0
x_baka_0380_x|0
afshariff_29|0
jeuneagle_16|0
za_.arrr|0
aamirkhxn._.16|0
add_some_chill_|1
zuhanek|0
xx._rockz|0
itzz_me_idiot_07|0
karthix_.x|1
txn_uchihx|1
_.yutika._24_|0
manav_jain_415|1
ron_pais|1
shaekhjamal_noor|0
marilyn_mendez__|0
_xx_jerusha_xx_|-1
ar_hishxxm__zxc|0
craze.of.cr7|1
man_of_heart441|0
samyhere._|0
_arohans._|0
rosario_pvt|0
derw_1717|0
x._jack_.x07|0
md_adnan100|0
ka_ra_n_kd|0
itz_alan_benedict|0
_abdulpvt97|0
_.abhi_._._|0
__ritvik_10|0
its__baji__kun|1
hadrian364|0
pisces1616|0
rishabjain_1947_1947|1
potato65748|0
usman_faraz_24|0
varshasri0808|1
fallen_royan|0
dakshsurana18|0
kool_kid_2467|0
punith_cfc|0
joshuaisaac_cr7|0
_itz_kevin_15_|0
__adrian._13|0
jaipritam_17|0
zachrr320|0
the.pumped.guy|0
neha_.2213|0
_rosario.89_|0
fardeen_1880_ahmed|0
joelpoel1_1|0
shaikh.m.zain|0
_hawk_gurl_30|0
dd__2006|0
saad_kandoth|1
_.rxyyxn._07|0
_vinisha.r_|0
_varxnnnn|0
_a_l_l_a_n_c_r_7|0
_.shrvx.12|0
ar_hishxxm__zxc_|1
kris__thomas_|0
stympalist_14|1
joshu._.08|0
sasquatchray|1
dead_sword_7|1
jerushajo__|0
moh.d_sulaiman|0
lionel_charan_10|0
malise_john|1
football_lover916|1
ethanlourdraj|1
allenjoseph_3|0
prvt_sxima|0
donzzzzz41|1
leo_ex4|1
red_fire_spidy|0
thanish.90|0
rahul_nm3407|1
xx_angrl_xx7|1
_xx_riya_xx56|1
_2_____l_e_e_____9_|0
s.u.iiiiiiiiiiiii|1
kevin_justinjr|1
rajini.nirmal.3|1
mazharullahmohammad|1
_adu_jr|0
_zoya.a|0
_.saudalam|0
a.r.s__21|0
rjc_1169|1
syed_fuzail_06|0
gavin_levi_mohan|1
=======
dakshajain_bigfan_|1
btw_its_pranav_007|0
anto_x_nats_|0
mr_alpha_beast_9850|0
badkarma_1106|0
_.govind_poojari._|1
_vanya_r._|0
amalanpranit|1
samhhskjjnnua|0
thirish.p2009|1
mr._unique_________boy|1
hamza_king_of_ringz|1
_abdulrehman97|0
awf.ali|0
manav_.v._|1
im.selvaraj|1
chitra_saahotaan06|1
kevin_king_maker|1
devaiah_ryan|1
arleen_0107|1
ig_elfra|0
__chris__john__|0
kidjowik|0
muffinoora_._|1
its_ralph_denver|1
punneanna__videos.com_|1
_syed_aaqib__|0
____im__rithish____|0
ishankreddy_|0
jonathanpeterdsouza|0
aftabahmedxx|0
_sujay.joseph_|0
_aviva.ak27_3|0
syed.affan_|0
nikhel_j07|0
just__prayag|0
nikhel_j007|0
x_darxn_x|0
_syed.ammar_|0
gagan_kochar_|0
captain_crazy01|1
